id,user_rating,review_title,review_text,author,date
1,8,"Once you let this film sink in, it turns out to be very rewarding","""If it was never new, and it never gets old, then it's a folk song.""The Coen brothers have worked together over the past couple of decades delivering some inspiring work. Their films are extremely varied (ranging from dark comedies to westerns or thrillers) and that is why people rank their films so differently according to their own genre preferences. What these films tend to have in common is that they focus on an unfortunate main character (the Coen brothers don't seem to be too interested in successful characters) and they also include a lot of quirky characters. The Coens are also great at writing interesting characters that despite being unpleasant at times still capture our attention, and they also include a lot of dark and sharp humor. Inside Llewyn Davis is one of those films where we are forced to follow an unpleasant guy in the course of a week and somehow hope he recovers and achieves his goal. This is a film that you probably enjoy more when you think about it once it's over or on a rewatch because it's philosophical and sad, but rewarding none the less if you stick through it. It is also open to many readings and interpretations. You can think of this as being an honest film about someone who doesn't achieve his dreams. We've been saturated with so many films that focus on following our dreams and never giving up on them, but it is rare to see a film focusing on someone who doesn't achieve them. Like Llewyn, we sometimes throw away other possibilities for success because we are too blinded on pursuing our own thing. That is exactly what happens here (and in this way it differs from A Serious Man where the main character suffers misfortune from things that he can't control). Llewyn could've listened and taken good advice, but he's so narcissistic and blinded by his own ambition that he misses several good opportunities. Another way you can read this film, and this is the one that worked best for me, is that Llewyn is learning to cope with the loss of his partner. He was a better singer when he wasn't on his own and now that he has lost his partner he doesn't seem to know what to do next. He is a tortured artist struggling to cope with grief. It's as if the Coens were admitting that they wouldn't know how to make films without each other. They inspire one another and that is where their success relies. Perhaps if something would happen to one of them they would feel like Llewyn, lost and unable to move on. This is just brilliant filmmaking and the Coens prove once again that they are on top of their game.The film takes place in the course of one week as we follow a struggling folk singer named Llewyn Davis (Oscar Isaacs) across Greenwich Village in the winter of 1961. He has recently released a solo album that isn't selling. With no money and no apartment, Llewyn spends his days jumping from couch to couch at friends houses while performing small gigs at local Cafes. One of the places he crashes in is at fellow musicians, Jim (Justin Timberlake) and Jean's (Carey Mulligan) apartment. Llewyn isn't really a guy anyone wants to be around much, but he continues to pursue his dream of becoming a solo artist. In a way he's his own worst enemy as many of the obstacles he faces are his own doing.I'm not a fan of depressing films, but somehow the Coens captured my attention through their smart script and beautifully constructed film. The gray cinematography is gorgeous and really sets the melancholic tone of the film. Somehow despite not liking Llewyn, Isaacs manages to portray his character so well that we do root for him and want him to succeed. It's an impressive film that succeeds thanks to Isaacs heartfelt performance. We also get to meet some of the quirky characters that the Coens always include in their films. John Goodman and Garrett Hedlund were the chosen ones this time around and they both added the dark humor in this otherwise sad and melancholic film. The soundtrack is also a lot of fun to listen too and Isaacs has a great voice.",estebangonzalez10,N/A
2,8,Fare Thee Well,8/10Fare Thee WellSpoiler,ferguson-6,N/A
3,7,Exposing egotistic society,"This Coen brothers take on the legendary US folk scene in the early 60s, through a down on his luck protagonist, gives nice touch of Greenwich village atmosphere and struggles of an aspiring musician. The musician, based on some of the later famous folk personalities whose music was used, is talented, not mediocre or anything like that, though he has had a tough moment in his life, losing his singing partner to suicide, due to cruelties that he is also exposed to. He struggles without money, and amused Coens take a dark look at the heroic battles of an aspiring artist, who finds little understanding and all the condemnation in his surroundings. Judging by the many condemning comments on this site, subtleties have been lost on the masses. It is a cruel society that equates success with moral virtue, and considers poverty as a moral sin. The artist due to his integrity refuses some chances for commercial success, but even that is construed as his failing by some of the comments, and therefore much of vulhgar mob. Thus, the joke is again turned on the shallow members of the public, who celebrate reality stars while condemn a clearly virtuous, but struggling actor, just because he lacks success. In the end, we get a glimpse of Bob Dylan, who had a powerful gift that was ultimately not possible to deny, but only after he was discovered by some wise people, and who famously snubbed the booing mob and the shallow journalists and could afford to follow his own path. Instead of celebrating the success, Coens shed light on the struggle, and provide an opportunity for the unsophisticated non-creative consumer mob to demonstrate their monstrosities and in some case appallingly complete lack of empathy and absolute inability to distinguish poverty from lack of virtue, bad luck from lack of talent, terrible circumstances from moral deficits. The conclusion is again, that people who do get, through the sheer combination of power of their talent, personality and good luck, to the top, have every reason to shun the shallow hating mob that would, no doubt, shred them to pieces with gusto if they had fallen to bad luck.",perica-43151,N/A
4,10,"An under the radar, anti-Hollywood masterpiece","This is the first time I've felt compelled to write a review for on IMDb. There are only a few movies in history that have impacted me as much.The first time I saw Inside Llewyn Davis, it left me feeling empty and confused. While I appreciated the music, the acting, and the cinematography, I couldn't understand why anyone would love this movie (and I am a huge Coen fan). After all, it's just scene after scene of a jerk getting beaten up by life with no real plot progression and no real reason to care about any of the characters.I then came across the movie again on TV and decided to give it another chance.After this second viewing, the movie's themes connected with me in a big way. After my third and fourth viewing, it shook me to my core.This movie is almost too realistic. It follows none of the conventional ""rules"" and there is no winner or hero. There's no real drama. There's no ""silver lining"". There's only struggle. And then acceptance.For every one Bob Dylan there are myriad Llewyn Davis'. Really talented musicians and artists that work really hard and simply don't catch the lucky break. People go under the radar, under-appreciated and overlooked. People that never make it big and therefore question whether they should be doing it at all.This is a film for the everyday folk; a beautiful empathetic look at art, music, and everyday struggle.",ShimmyKR,N/A
5,10,Don Quixote with a guitar,"No doubt: Llewyn Davis is a loser. First, his career as a folk singer  is going badly: his duet partner committed suicide, his record isn't  selling, he makes so little that he cannot afford his own apartment but  has to move from friend to friend, or rather from acquaintance to  acquaintance. Secondly, as far as human relationships are concerned, he  is a total failure. His ex girlfriend despises him, one of her  predecessors faked an abortion to have him out of her  and the mutual  child's life  people who are sympathetic to him, get a rather rude  treatment on a daily basis. After A Serious Man, the Coen brothers have  again chosen to depict a man on the wrong side of luck. Only this time,  one might say he deserves it.  Or maybe not, for he has one redeeming feature. The film opens with a  long scene in which Davis (Oscar Isaac) performs a sad old folk song.  The camera gently hovers around him, catches the hushed, intensely  attentive atmosphere of the smoky basement club, while he sucks his  audience  us  into the dark, sorrowful world he creates in his song,  hinting at a depth he so often will not show in ""real life"". It is this  contrast, the dialogue between the sadly funny tale of a modern Don  Quixote and that other, older, tenderer story, the music tells. For as  much as this is Llewyn's story, it also is that of the redeeming power  of music. For even if Davis is the same at the end as the story comes  full circle and returns to its opening, as he once again gets beaten up  and is succeeded on stage by a young, cocky folk singer with a nasal  voice who will soon change music  and not just folk music  forever,  there is just the tiniest hint that this Llewyn Davis might have some  sort of promise after all, maybe not as a successful singer, but as a  human being.  Inside Llewyn Davis is inspired loosely by the story of Dave van Ronk,  a star of the Greenwich Village folk scene around the time of Bob  Dylan's arrival there in 1961. Dylan learned a lot from van Ronk and  stole some of his most promising songs, but that is a story to be told  another day. This one is about a man lost in a world that hasn't been  waiting for him, who has a mission that is entirely his own. The  lengths to which he goes to show the world he doesn't care are  astounding. And yet he craves love. Oscar Isaac is a miracle: even in  his most repelling state, in his most rejecting attitude, there is a  flicker of sad longing in his face, his eyes, a face the Coens show us  much of. It is one you need to dive into, closed to the casual observer  but hiding so much pain and uncertainty and desire to live one  sometimes thinks it must explode. The Coens' cinema is one of subtlety,  of nuanced, of shades of grey between the black and white. In Isaac,  they have found their perfect actor, heading a stellar cast including  Carey Mulligan, John Goodman and Justin Timberlake.  As so often, the Coen brothers are masters at creating an atmosphere, a  universe of its own, unique as well as absolutely consistent. It is a  world of the night, in which grey shades reign, days are pale and dust  is everywhere. Even in the open there is a sense of narrowness, of  tight spaces, lightless basements that are cage and protective space in  one. It is the tiny holes that provide the only rooms for creativity,  for the soul to speak. And so it is that the dark world of the  underground gradually regains some warmth and coziness, the dark  becomes a zone of comfort, while everything else becomes cold and  distant.  Having said all this, Inside Llewyn Davis is first and foremost a  comedy in the Coenesque sense of the term. It is a Quixotic tale full  of quirky characters at time bordering on the fairy-tale like   especially true for the sequence around Goodman's character, a  trodden-down mixture of villain and clown that calls up associations of  the expressionist nightmare world of their earlier film Barton Fink.  The other foot of the film is firmly on the ground, in the existential  struggle of a man the world won't welcome. But there is still that  third element: music, that timeless realm of love and pain and  suffering and hope. It is here the film is anchored, it is here this  Don Quixote conquers his windmills, armed solely with his guitar. It is  here it all comes together. Tragedy, comedy, fairy tale, social drama,  held together by the softest of touches. Another Coen brothers  masterpiece. What else could be expected?",saschakrieger,N/A
6,6,Disappointing,"I watched this film because of the directors, actors inspite of the subject matter.Whilst I could appreciate the quality acting and cinematography, I was underwhelmed by the story. If it wasn't for the things already mentioned then this would have been a very tedious film. It was interesting to see the excellent Oscar Isaacs in his first major role and I'm glad he choose better subject matter in his subsequent films.I appreciate that I didn't find the ""plot"" of the film particularly engaging, but then a good film can make you enjoy a subject regardless. I just found this hard work and a bit disappointing all around, the high rating was a bit misleading too...",martoxley,N/A
7,8,A road movie with little traveling,"Much like most other movies by the Coen's, this seemed very different to everything else they have done. Before seeing it, I expected it to be a sincere attempt at portraying a Dylan-like figure, with a heavy focus on the music itself, and also with a whole lot of nostalgia. This is kind of true, but these are not the aspects of the film that'll stay with you (even though the music was really good!).There's not really much of a plot in this movie, but it's so well crafted that you hardly notice. Llewyn has a goal, but it's obvious from the start that this movie is not about reaching that goal, but rather about his every day struggle, and the life as a folk musician in an almost mythical period of music history. Llewyin is an interesting character, flawed but easy to like. His struggle feels real, and plays into an overarching theme of how your fate can be out of your hands, but also how perseverance can lead to something good.The movie is similar to road movies in that it features a lot of different characters that Llewyn meets and interacts with. Some of these are very much Coen-esque, and I'm always amazed by how Coen manages to establish such layered side characters, despite them only appearing on screen briefly. Bot casting and writing must be stellar to be able to do this, and they seem to do it all the time.It ends in a way that makes the movie more than just a mood piece, and opens up for some interesting discussions. Once again, they've managed to make a brilliant film.",peefyn,N/A
8,N/A,"There is a creative sadness in here, but it is heavily masked in sporadic plotting, hidden meaning and a dreary tone","Like almost everyone who loved or hated this film, I do generally like the Coen brothers and am not against having to do work to enjoy and appreciate a film. This is an important thing to say because Inside Llewyn Davis is certainly not a film to come to as a casual viewer just looking to kill a few hours – not as a snobby thing of ""you'll not appreciate it"" but just a reality that the film does almost nothing to help the viewer. The plot involves struggling folk musician Llewyn Davis in the Greenwich Village scene of the early 1960s; he is not particularly commercial, is irresponsible, downbeat and cannot look after others or even the cat belonging to others. We follow him over the course of a week which will change his life and see the world around him change too.I really did want to like this film because at times there is a certain beauty to it in the pained reality of its lead character, his situation and his gradual realization of where his life is and where it is going. Unfortunately this is generally spread very thin and instead of having a structure that supports this, we instead get an episodic approach that makes the ""week"" feel like months, sees characters just come and go whether we have an interest in them or not and generally doesn't allow you to do more than grasp at metaphors which drift by – usually resulting in the people who love the film the most being those who brought a lot of their own selves to the table, leaving us who look to the film to at least help, feeling left out in the cold and even a little bored.The music is beautiful when it comes and the cinematography is excellent as it captures and shapes the feel of the film and the character – it is bleak to look at for sure, but it is suitable and effective for what the film is. The same could be said of Isaac's performance because it is what the film needs him to do but the downside is that it isn't really what the viewer needs him to do. His personal journey (physical and emotional) is made harder b the coldness of his character – there is really not much to grab hold of here and he is generally difficult. As often is the case with the Coens, we have characters drifting though the story usually in a colorful fashion – the times it has worked in other films has been frequent but here I didn't think it did at all, with nobody seeming to add much. As writers of the material and directors of their cast the ""blame"" (depending on your view) belongs with the Coens as they have made this film very difficult to get into.Full of supposed metaphors and with a sadness which is put in the distance look of its title character rather than in his heart or in the audience's line of sight, the film drifts along with a general sense of sadness and change which always interested me but just seemed deliberately out of reach and distant. I'm sure if you ""get it"" then it is a film to adore, but for me it just didn't work at all.",bob the moo,N/A
9,7,"Another ""Not-Easy-to-Watch"" but altogether Impressive Coen Bros movie","7/10Another ""Not-Easy-to-Watch"" but altogether Impressive Coen Bros movieSpoiler",ericjams,N/A
10,9,"Fantastic sound, atmosphere, acting.","Inside Llewyn Davis is an intimate, well-executed, and honest slice of life. It features a humanistic, heartfelt performance by Oscar Isaac as the titular folk singer, arresting cinematography, and a sharp, tight-fisted script by the Coen brothers, who also directed.It's Greenwich Village in the early sixties, when folk music was either coming into its own or ready to be usurped by a more mainstream genre. Llewyn has no home, drifting from gig to gig and crashing on couch after couch as a matter of design; is vagrancy is his life's plan. Llewyn is at turns a noble soul who exists for the sake of making the music he wants to make and a resentful twerp who mooches off friends just to sustain his unsustainable lifestyle.The movie is only somewhat linear, with closing scenes mirroring opening scenes, and it is told entirely from Llewyn's point of view. The Coen brothers masterfully show us not only Llewyn's perspective but also an outside perspective; this allows us to feel both empathy and loathing toward him.Llewyn is nothing if not complex. The movie does a terrific job of avoiding the usual clichés, such as a down-on-his-luck musician catching a lucky break, or a bitter man having a quick change of heart. It's not that Llewyn is constantly sneering at everyone, holding his poverty up as both a shield and a trophy, it's that he is so multilayered that when he does a kind act or offers some praise or thanks, we don't feel that his doing so is in any way out of character. Llewyn is a self-tortured soul, but unlike caricatures of wandering folkies, he is at his center a realist, albeit a prideful one.During his travels and travails, Llewyn encounters people ranging from the genuine (his singing friends Jim and Jean, played by Justin Timberlake and Carey Mulligan) to the absurd (a rotund, blustery John Goodman). Oh, and a cat that travels with Llewyn - at least until he can get him or her back to the owner. The encounters with the genuine folks feel just as normal as if you or I encountered them; those with the more absurd of the lot feel perfectly surreal, and when they do end one almost wonders if we've all imagined the encounters through Llewyn himself.The music is beautiful and moving. Isaac himself performs Llewyn's songs, with a sweet, vulnerable voice that offers a touch of soul to Llewyn's otherwise-bleak surroundings. When Llewyn is really on, you can feel his pain leap right off the screen into your brain; when he appears to be going through the motions and not singing from his heart, you can feel the lack of depth that his intended audience also feels. Isaac is just flat-out terrific.Ultimately, it is Isaac and the music that push this film into the territory of great cinema. The story itself is stark, moody, unyielding - just like a New York City winter, really. And the movie, like Llewyn's own life, appears to have no point - except to illustrate just how pointless Llewyn is making his life, through his stubborn marriage to his craft and a desire to stay uprooted",dfranzen70,N/A
11,6,Left wanting much more,6/10Left wanting much moreSpoiler,omalmi,N/A
12,9,"Beautiful Cinematography, Captivating, Worth Seeing Again","Saw the prescreening at the Michigan Theater in Ann Arbor, MI with average expectations, this is my reaction:This film is an experience, but not for any sort of superficial special effects, action or CGI. It's an experience in which you will feel fear, joy, hate, hope, sorrow and contempt all within an hour and 45 minutes that feels more like 15 minutes. We are sidelined, watching a short snippet of Llewyn's seemingly dismal life, drudge on by, yet we are drawn. We connect with Lleywn's anger and struggles, as if we too are burdened by his failures and challenges. But amongst the bad, there are moments of cheer, and laughter and peace reminding us that good still exists. What dominates is power, balanced by music, money and pride, yet this movie is better served as a reminder that life is an experience, and individualistic. We are reminded that more often than not, things do not fall into place and luck is rarely on our side. But no matter how many times people fail you, one should never fail, before one's self. This movie is an experience, it indirectly breaths life into each of our souls, and should appeal to anyone in touch with the most crucial human emotions: compassion and empathy. Hold on tight, because it is one experience that will remain with you long after the credits are through. Perfectly casted, perfectly scripted, perfectly filmed; perfectly entertaining.",kgkacan,N/A
13,6,Inside Llewyn Davis is half empty.,6/10Inside Llewyn Davis is half empty.Spoiler,st-shot,N/A
14,2,The Cat Ulysses Is The Star Here,2/10The Cat Ulysses Is The Star HereSpoiler,Argyle302,N/A
15,N/A,The anti-Dude,"At some point of this the folk singer we've been following is stranded at night by the side of the road in a car with possibly a dead man and a cat, another man has just been arrested by police for not much of a reason. He gets out to hitch a ride and there's only a cold, indifferent night with strangers in their cars just going about.This is the worldview the Coens have been prodding, sometimes for a laugh, sometimes not. I can't fault them, it does seem to be inexplicably cold out there some nights. They're thinkers first of all, intellectuals, so it stings them more so they try to think up ways of mocking that thinker who is stung by the cold to amuse themselves and pass the night.So this is what they give us here. A joyless man for no particular reason, who plays decent music that people enjoy or not for no particular reason, who the universe has turned against. The Coens don't pretend to have any particular answer either of why this is, why the misery. It might have something to do with having lost a friend, something to do with not having learned to be simply grateful for a small thing. It might have something to do with something he did, the initial beating up in the alley is there to insert this. Sometimes it's just something that happens as random as a cat deciding to step out of the door and the door closing before you can put it back in. Most of the time it all kind of snowballs together.It's a noir device (the beating - cat) bundling guilt with chance so we'll end up with a clueless schmuck whose own contribution to the nightmare is inextricable from the mechanics of the world. The Coens have mastered noir so they trot it here with ease: the more this anti-Dude fails to ease into life the more noir anomaly appears around him.Of course the whole point is that it's not such a bad setup; people let him crash in their apartment, a friend finds him a paying gig, somehow he ends up on a car to Chicago where he's offered a job. It's not great either, but somewhere in there is a pretty decent life it could all amount to, provided he settles for less than his dream. (This means here a dream the self is attached to). I saw this after a documentary on backup singers, all of them profoundly troubled for having settled for less, all of them nonetheless happy to be able to do their music.Still, 'The incredible journey', seen on the Disney poster, may in the end amount to no more than an instinctive drive through miles of wilderness. The Coens are cold here even for their standards. I wouldn't be surprised to find it was Ethan, the more introverted of the two, ruminating on a meaningless art without his partner.Is there a way out in the end? Here's the trickiest part, especially for an intelligent mind. You can't just kid yourself with any other happiness like Hollywood has done since Chaplin. You know it has to be invented to some degree, the point of going on, yet truthful. Nothing here. More music, a reflection. It's the emptiest part of the film as if they didn't know themselves what to construct to put him back on stage. Visually transcending was never their forte anyway. They merely end up explaining the wonderful noir ambiguity of that first beating.Still they are some of the most dependable craftsmen we have and in the broader Coen cosmos this sketches its own space.",chaos-rampant,N/A
16,9,Marvellous musical masterpiece,"There have been movies made about musicians, both real and imagined, from End of the Century through I'm Not There, taking in The Future is Unwritten and A Mighty Wind. We've had almost every conceivable approach, from straight-up documentary through imagined version of events as well as completely invented bands, singers, songs, and concerts. Yet, I don't think that anyone has ever managed to do what the Coen Brothers have produced with this tragic, comedic, touching piece.Which is to essentially transport you into the grooves of an LP, Inside Llewyn Davies, and bring you a beautifully realised portrayal of the eponymous hero as he trudges his weary way through the greys and greens of Greenwich Village in a cold New York. And it is so reminiscent of the experience of listening to your favourite vinyl album from track one, side one to the final track of side two, whilst curling up on the couch with a cat in your lap, listening to a selection of melodic, melancholic, traditional, and new folk music.The music binds this movie together and Oscar Issac inhabits the title role in a world-weary way that aches with ennui and longs for something never expressed. We follow his tramping travails through a range of vignettes that build subtly towards creating a quite compelling picture of the man behind the music. He sometimes does what we expect and at other junctures, veers off in a mad new direction. There is little explanation for any of the decisions that he does, or doesn't, take. He's searching without any clear idea of the quest.Along the way, we meet a wonderfully diverse bunch of supporting characters, from the biting Jean, acerbic tongue and acid looks, through the snoring bully Roland Turner and his valet Johnny Five, as well as Mitch and Lilian, the Upper West posh couple, but especially Ulysses, our hero's apparent companion over the week (or was s/he?). They all offer opportunities to understand Davies' psyche slightly more, albeit admitting that not even he appears to be fully cognisant himself.It's a lovely looking film, beautifully shot and much more enjoyable that I would have believed possible from watching the trailer previously. T Bone Burnett has done a sterling job on the soundtrack, it's so affecting and the way that the songs are all allowed to play out saw the audience in the cinema in which I saw this mainly remaining seated through the end credits as well. Which brings me back to the vinyl album sensation. You don't pick up the needle when your favorite record is playing the final track, because you want to get on with something else instead. No. You let it run right to the end of the groove and then your heart fills with an equal mixture of pleasure and joy, sorrow and sighs, as the last bars fade to quiet and all that's gone before becomes a memory that's so strong and so addictive that you want to turn it over and put the needle back into the groove all over again.This movie is precisely like that sensation and I loved it, from first frame to last. A quiet understated tragi-comedy, dark in places, and shadowy in others, but with a humanity and a compassion that you cannot avert our gaze from. Hell, it's even got a coda of a scene to be dealing with, which at the end takes your mind back to the start of the production and forces one to reexamine what has just passed before your eyes. Recommended.",paultreloar75,N/A
17,10,Another Great Coen Brothers Film,"Inside Llewyn Davis is a hard film to quantify. It is very much a Coen Brothers movie, and it is very much its own thing. I did not know the history of the story. I did not know the story behind the Gaslight club in New York nor did I know of the famous figure who started at the bar back in 1961 when the film takes place. I found out after the film was over. However, not knowing that, I still thought this was an incredible movie.There are oddly poetic scenes in the film. There is a scene where the main character Llewyn Davis hits a cat with his car. As he watches the cat limp away into the darkness injured, I felt that it was an interesting image that seemed to mirror Llewyn's life in the film. Although I was aware of the poetic aspect of the film, I did not feel that they were forced moments. In interviews the Coen Brothers always seem to play dumb. In an interview for this film the Coen Brothers talked about the cat in the movie, and how they didn't know what to do with the story, so they threw in a cat. Anybody who has seen a Coen Brothers movie can appreciate that this is far from the truth. Every moment and image seems to be very specifically placed, and that was the case for this movie as well.You can't judge this movie the same way you would judge every other film this year. It's almost as if the Coen Brothers have their own language that they are speaking, that the audience does not fully understand. We catch some things, and even with those few moments, I was mesmerized. Sometimes I really notice their style like in their film A Serious Man, and I find myself confused and bored, but this film felt very true to me. I sympathized with the main character and his struggles, perhaps because I consider myself a creative person as well, so I know how hard it is. At one point Llewyn says, ""I'm just so f-ing tired,"" this line says a lot more than just I want to sleep. It is something we can all relate to, a feeling of just wanting to give up, and in this way, the story is a universal one, but then again it's the Coen Brothers, so automatically I know some people might not like it, but I loved it.",dimoulas-466-176153,N/A
18,7,Coen brothers recreate an era,It's 1961 in Greenwich Village. Llewyn Davis (Oscar Isaac) is a struggling folk singer who lost his musical partner Mike to suicide. His new solo album isn't selling but then neither is anything else he did with Mike. He stays at his friends the Gorfeins but the cat gets locked out. Then he visits his friends Jim (Justin Timberlake) and Jean (Carey Mulligan). She tells him that she's pregnant possibly by him. And Llewyn's life keeps drifting on.Brother filmmakers Ethan and Joel Coen have brought something different with this original character in this unique era. It's beautifully filmed as usual. Oscar Isaac is a newcomer and an unknown. He fits this character very well. He has a drifter musician quality to him. Carey Mulligan takes a hilarious turn with her angry performance. The movie has a mellow and rambling vibe. It also has its big moments. The music is awright but nothing exciting. It's a man slowly drifting in the world as his musical career tries to stay afloat.,SnoopyStyle,N/A
19,10,The Gloomy Innocence Of The Coen Bros,"It's like a gust of wind that never stops. I was altered, disturbed and amused by the clarity of this poets. From Joel and Ethan to Bruno Delbonnel, Oscar Isaac, to T Bone Burnett and everyone who enters, even for an instant, this sublime, unique, startling P.O.V. Aware but never condescending to the audience. No explanation as to why this story deserved to be told. The answers are private, deeply personal, enlightening and, at times, chillingly transparent. The face of Oscar Isaac, my God! For me one of the most enthralling discoveries of 2013. At times it reminded me of an updated character in an Italian Neo-realistic film, others one of those images from one of Martin Donovan's sessions. I sat through Inside Llewyn Davis twice in a row. I can't wait to repeat the experience soon again.",harrypaulson-111,N/A
20,6,Stay Outside of 'Inside Llewyn Davis',"The wife and I have been looking forward to this film coming here ever since we saw previews in December. I enjoy most of the Coen Bros. movies and the quirky characters they create. Unfortunately, this contained none of those, and was a chore to sit through. Some of the encounters are entertaining, but overall, the story just isn't that interesting. The music got rather tiresome after a while as well. Something a little up-beat thrown in might have helped keep me from fighting against my eyelids. There was very little to laugh at here as well, which is also not generally the case with the Coen Bros. Hopefully their next effort will be back in form. I don't know that even the die-hards will enjoy this one.",jordan2240,N/A
21,10,Ruthless,"This is one of the darkest, bleak, and unforgiving movies I've ever seen. But it's also beautiful. Nothing short of a masterpiece.",doomedmac,N/A
22,7,"Watch it for the music, the feel of 1960s New York, and Oscar Isaac's Performance","If people love or hate this movie, I really don't get it either way. I'm middle of the road. I enjoyed the music, the atmosphere -- which is rather dreary, but it is NYC during winter -- and Oscar Isaac's performance.Some reviewers said Davis' character wasn't especially likeable, but anyone who would carry a friend's cat all over Manhattan, while also toting a guitar and an overnight bag, because he was responsible for letting it getting out of the apartment can't be a bad guy.I understand his frustration. For anyone who has ever tried to do something hard for the love of it while hoping enough people would care that it would make a difference but felt like most everything was against you, there's a poignant message here.I chased my viewing with a whiskey on the rocks and didn't regret the two hours I spent. Why some musicians (and writers and artists and actors) fail and others who aren't any more talented, maybe even less so make it is a mystery of the universe.And for the record, I would rather listen to Llewyn Davis than Bob Dylan any day of the week.",azmark1887,N/A
23,10,Oscar Isaac is Incredible!  Coens Best Since 'Fargo',"I am completely smitten. I have long admired Joel Coen and Ethan Coen  and what they have offered the realm of cinema. I am in love with  ""Fargo"" still until this day, and they've provided solid efforts on  nearly every outing since. Their newest endeavor that focuses on the  folk scene in 1961 is an absolute dream. Everything from the impeccable  Oscar Isaac to the music that enriches the deepest trenches of the  soul, ""Inside Llewyn Davis"" is one of the best pictures of the year,  plain and simple. It's the Coen Brothers finest film since ""Fargo.""  Our story begins with a folk singer, Llewyn Davis that has continued to  pursue a music career in 1961 despite being penniless and lacking any  real stability. Migrating from couch to couch, we get a deep look into  a character with a dream that just won't die. As he fights for his  chance to share his voice with the world, following an unexpected loss  of his singing partner, Llewyn is hard to love. He makes poor choices  and seems to lack any responsibility in his life. It's a wonderful  creation of a character that offers insight into a changing time in our  history.  First of all, I can't get the amazing music out of my head. All the  songs used are absolutely brilliant. Oscar Isaac's richly matured tone  is so soothing and authentic; I'm surprised a music company hasn't  nabbed him up to make a record yet. His opening and closing songs are  his, as well as the film's, pivotal moments that encapsulate the  endearing message and theme. ""Hang Me, Oh Hang Me"" and ""Fare Thee Well  (Dink's Song)"" are astonishing records that may not just fall into an  Oscar race but a Grammy wouldn't shock me in the least. It has the same  magical effect as ""Searching for Sugar Man,"" two films that seemed to  capture the innocence and culture of a generation that seems lost. In  terms of performance, Isaac is incredible. So raw and genuine, it's one  of the year's finest performances by any actor. He has made himself one  of the most exciting actors to watch in the coming years. This will  lead him into more challenging and accessible roles. This guy could  become one of our finest actors in just five years' time. This is  something that should land him an Oscar nomination for Best Actor. It's  very much deserved.  In their respective but short screen times, John Goodman, Garrett  Hedlund, and Carey Mulligan are all infectious and notable. Goodman  plays a character similar to his ""Harling Mays"" from Robert Zemeckis'  ""Flight"" and makes the most out of his appearance. Mulligan is volatile  and I loved every second of her. She brings lots of dark humor and fire  to a role that shows the depth of her abilities as an actress who can  perform impeccably in any genre. We even get her singing again which  had me melt two years ago during her ""New York, New York"" in Steve  McQueen's ""Shame."" Hedlund comes and goes but makes his mark as he  often does.  Justin Timberlake has made a seamless transition from musician to actor  and back to musician. Great in roles like ""The Social Network"" where  his star power doesn't distract from the story at hand, in a Coen  Brothers film, where he sings (in a very current pop way), he becomes a  bit distracting. I was very aware that Timberlake, probably this  generation's Michael Jackson, was sharing the screen. More than likely  not his fault, it could be a case of being ""too big"" for your movie.  One thing that the film has taught mewe need to give Adam Driver more  movie roles. Timberlake, Isaac, and Driver put their marks on one of  the songs ""Please Mr. Kennedy,"" and make it one of the year's most fun  and remarkable numbers.  Joel and Ethan Coen continue to show their ranges in directing and  writing. Flawlessly executed in character understanding and keeping our  story moving. Llewyn Davis is such a complex and interesting man and  their screenplay gives Isaac room to breathe and explore the subtle  nuances that make his character unique and real. As their alter ego  Roderick Jaynes, the film moves like a smooth monorail, hitting all its  marks and picking up new and exciting quirks along the way.  An almost silver-green canvas evokes the dark and grey tones of the New  York scene in 1961. Cinematographer Bruno Delbonnel masterfully  captures the ticks and beats of Isaac as he sings with heartbreaking  emotion and walks through the frigid cold streets. Jess Gonchor's  production design places us all in the folk scene, with intimate bar  settings, old-time music studios, and even the classic feel of a  Greenwich Village apartment building.  CBS Films has a gem on their hands with ""Inside Llewyn Davis."" A sure-  fire Oscar contender in several categories including Best Picture. If  there's any justice in the film world, Oscar Isaac would firmly sit  near the top of the finest performances of 2013 in Best Actor and nab  nearly every award he comes in contact with. ""Inside Llewyn Davis"" is  sensational and an instant classic to be remembered.",ClaytonDavis,N/A
24,6,Not what folk music was about,"Inside Llewyn Davis (2013) was written and directed by Ethan Coen and Joel Coen.The film is about a struggling folk musician who can't support himself by singing. We're to assume that he's right at the brink of the folk revival of the 60's, and he's poised to become a star. All he has to do is earn enough money to survive until Bob Dylan and Joan Baez come along to make folk music profitable.The story doesn't work for me. In the first place, Llewyn (Oscar Isaac) isn't all that talented. (We heard folk music in Ann Arbor, NYC, and Newport in the 1960's, and Llewyn would have been considered OK, but nothing special).He doesn't appear to have any feel for the music in the sense of where it originated, who may have sung it before, and what historical significance it might have.He makes fun of an older folk singer, who may be meant to represent someone like Jean Ritchie from Kentucky. Urban folk musicians respected people who learned folk music through the oral tradition. They didn't make fun of them. (Anyway, as a performing artist, Llewyn should have realized how vicious it is to heckle an onstage performer.)Folk music in the 1960's was always allied with labor struggles, civil rights, and other progressive causes, but Llewyn appears apolitical.In the movie posters, he's shown carrying a cat. That makes us think that he may not have a place to sleep, but he's not going to abandon his cat. Actually, it's not his cat, and he does abandon it eventually.Finally, his behavior towards his sister is rotten, he betrays his best friend by having an affair with his friend's partner, and he's cruel to an older couple who try to help him.Even though the Coen brothers are talented directors, I don't see why people would enjoy a film about a low-talent, unlikeable loser. If you still want to see it, it will work well on DVD.P.S. This movie includes a road trip from NYC to Chicago. Note to Coen brothers: In 1961 the route between those two cities was not uncharted frontier territory. There were highways and expressways and people used them.",Red-125,N/A
25,4,"Some great atmosphere, but story of clueless, narcissistic folk singer, really isn't worth telling","4/10Some great atmosphere, but story of clueless, narcissistic folk singer, really isn't worth tellingSpoiler",Turfseer,N/A
26,N/A,"Hang Me, Oh Hang Me","Hang Me, Oh Hang MeSpoiler",Wesley-Wang,N/A
27,8,The anti social musical film,"Llewyn Davis, a struggling folk singer. He's not so successful in his professional as well as personal life.
He has quite a relationship with cats. Doesn't have enough money to sustain his daily days. Doesn't have a home and is a wanderer. The people he loves despises him and he despises other people.
The film shows you the ups & downs or more like downs & downs of llewyn's life. Towards the end of the film the character's depression was quite visible.
The story progression of the film is really interesting.
The cinematography is quite basic and yet pretty.
The tonality & ambience of the film is very unique, very soft, dreamy & quite soluble. You'll doubt whether you're sleepy or it is the film which is like that.
Oscar Isaac played Llewyn very well.
An underappreciated & great musical film.",arighnachatterjee,N/A
28,8,One for Coen fans and folk fans,8/10One for Coen fans and folk fansSpoiler,bob-the-movie-man,N/A
29,7,White White White,7/10White White WhiteSpoiler,soapsuit,N/A
30,9,Another near masterpiece from the Coens,"Like Barton Fink before him Llewyn Davis is a man struggling to make the big break and the bucks whilst not compromising his artistic integrity.I love the music, i love the performances, the script and the photography. That road trip sequence is beautifully shot with the stop at the Kubrickian diner memorable.The whole thing has an other wordly, dream like feel to it as we watch this musician get colder more tired and more broke and pushed further out into the margins. I empathise with him even though he can be an arrogant and abusive swine.Its also very very funny. I dont think the Coens have written a funnier line than ""Where's its scrotum?"" and then John Goodman and his valet come into the picture and its gets funnier still.With the greatest singer songwriter of all time following him on stage at the end i thought it was a symbol of things to come where Dylan rises and rises to legendary status, Llewyn is assigned to the category of also rans as he again recovers from a beating by his conscience.",BigJimNoFool,N/A
31,6,Coen Brothers' love letter to folk music.,"""The George Washington Bridge? You throw yourself off the Brooklyn Bridgetraditionally."" Inside Llewyn Davis' witty one-liners are just one of the conventions to typically feature in a Coen Brothers collaboration.Musician Llewyn Davis (earnestly played by Oscar Isaac) journeys the competitive folk music circuit with nowhere to call home; just like the records he produces, the guitarist goes round and round in circles, as he contends with life's many curveballs. Nothing really happens here. This is a character piece and we are just voyeurs peering in on Llewyn's meaningless existence.This musical drama, which co-stars Carey Mulligan, John Goodman and Justin Timberlake, opens with a stellar vocal performance by Oscar. His choral rendition of Dave Von Rank's Hang Me, Oh Hang Me is magnificent and, just like the song, Inside Llewyn Davis ends where it began.Are we looking at an Oscar for Oscar?www.MovieMatrix.co.uk",aglowery,N/A
32,10,All the right notes,10/10All the right notesSpoiler,Horst_In_Translation,N/A
33,7,Anti-Epic Coen Brothers Tale of an Anti-Hero,"There are people in the world who are, quite intentionally, their own worst enemy. This is their story. Alternately, it's about a man and his cat.Like all Coen Brothers films, ""Inside Llewyn Davis"" is a character study. Theirs is a style that takes a trait of humanity, cranks it up to 11, and puts it through its paces. In this case, they take on people who purposely sabotage their own happiness.The film follows Llewyn Davis who, recklessly and tortuously, destroys his relationships at every opportunity. Time after time after time, he returns kindness with selfishness; responsibility with irresponsibility; support with abandonment. Grossly judgmental, incredibly unsympathetic, utterly foolish, this is a man who brings on his own suffering with an odd sort of sustained glee. He seems to revel in his own misery, constantly making bad decisions, and then getting mad at those who did what he told them to do.This is an odd juxtaposition with his chosen artistic pursuit: folk singing. Folk singing is all about empathy and connection, but Llewyn can't empathize, and definitely can't connect. This is pointed out to him time after time after time, but he just doesn't pick up on it. At all. Therefore, he fails. He is very similar to his co-star, Ulysses, a cat who (in a very characteristically cat-like manner) seems disconnected from what is happening around him, until it's time to wake someone else up from a sound sleep.It's not a bad film, there are some quirky, funny moments in it. But I gave it 7 out of 10 because it lacks that characteristic ""special heartwarming spark"" of a Coen Brothers film. ""Raising Arizona"", ""Fargo"", ""Hudsucker Proxy"", and ""O Brother, Where Art Thou"" had a heartwarming character or situation to help pull you out of the morass of darkness, intentionally acting as counter-point to the misery of life; but ""Llewyn Davis"" doesn't really have this. I suppose the cat is meant to fill this role (there is a neat little moment when Llewyn and the cat track each other's expressions quite effectively), but it doesn't really work as well as (possibly) intentioned.An OK movie. Not the Coen Brothers' best.",Barky44,N/A
34,9,"Cat lives epic success, but aspiring folksinger loses everything.","9/10Cat lives epic success, but aspiring folksinger loses everything.Spoiler",maurice_yacowar,N/A
35,7,Really Good....,"A week in the life of a young singer as he navigates the Greenwich Village folk scene of 1961.""Inside Llewyn Davis"" has been highly acclaimed, and was voted the 11th best film of the 21st century by 177 critics in a 2016 BBC Culture poll. This is very shocking. The film is indeed quite good, but 11th best film of the last 15 years? That is high praise, especially for a film that barely got noticed by the Academy.What I enjoyed most was the music, as I'm sure most people did. Having Justin Timberlake involved was a smart move, both for the film and for him. I have been quite impressed how his singing and acting have outgrown his boy band image. Very few of his era have made the transition so smoothly.",gavin6942,N/A
36,5,Definitely made for the critics but misses its mark with me,5/10Definitely made for the critics but misses its mark with meSpoiler,Robert_duder,N/A
37,N/A,A soulful and beautifully constructed portrait of a man and his music,A soulful and beautifully constructed portrait of a man and his musicSpoiler,annacatley,N/A
38,10,woo,"hello everyone...this movie is fantastic, saw it in Paris theater UGC Bercy Village, close to the François Mitterrand library.another diamond from the Cohen Brother...the character study is impressive the decoration is marvelous and second character are delightful...this is a road trip, Llewyn is a mouse trap inside the brain of the Cohen brother... no sugar no salt...each scene is a call to your judgment..the movie play on the edge like a tightrope walker crossing ...run to see it...la policy d'IMDb m'oblige a accouter Des ligneous Fin DE fare prairie ma critique Du film Des frees Cohen (a la Francaise) 10 ligneous...10 ligneous...",AlvaCalva,N/A
39,10,The Coen brothers have crafted another unique period piece.,"This is one of the strangest yet most satisfying movie experiences of the year, one of those films in which you can't really appreciate what you've seen until it's over. You just have to trust that the trip is worth the trouble. And it is. The broad, black humor of the Coens' early features has ripened over the years into a sadder, more philosophical brand of comedy (A Serious Man) that puts them in a class with Billy Wilder and Ernst Lubitsch (yeah, you heard me).",Hjr41,N/A
40,6,"A solid, symbolic character study from the Coen Brothers","Inside Llewyn Davis is the latest film from the Coen Brothers, a drama centred around the Folk scene in the winter of 1961 in New York City, following Llewyn Davis (Oscar Isaac), a folk singer who has a amazing ability to rub people the wrong way and sofa surfs around Greenwich Village, attempts to make a living on his music and struggling to survive as he maintains he fulfils his dreams.Inside Llewyn Davis has an incredible cast with the likes of Isaac, Carey Mulligan, Justin Timberlake, John Goodman and Sally Hawkins. All of them give excellent performance and are armed with a sombre script that is still filled with wit and play well rounded and realised characters. Mulligan was blessed with the best lines and jokes in the film. The film has an excellent soundtrack, with songs sung live and performed in full.Llewyn is a unlikeable character as he enters into a world of self-destruction as he tries to juggle his life and be successful, but gain quick money. But there is reason as he is struggling with his brief whilst the cat serves as a symbol of the ups and downs of journey and showcasing his character.Inside Llewyn Davis has a great bleak look thanks to Bruno Delboonel, adding to the downbeat tone the Coens were going for as we follow Llewyn on his journey and see him into a vicious circle.7.5/10",freemantle_uk,N/A
41,10,A poignant character study during the 1960s folk scene,"Despite hearing about how great the Coen brothers are, I've barely seen any of their films apart from The Big Lebowski. After seeing Inside Llewyn Davis, I really want to check out more of their stuff.Inside Llewyn Davis takes us through a week in the life of a young folk singer named Llewyn Davis in 1961.I love character studies and Inside Llewyn Davis is practically that. We really learn more and more about the protagonist, Llewyn Davis, and it's one of those character studies that left me thinking well after it ended. It's such a poignant film that doesn't follow any clichés or typical Hollywood tropes and the film could have taken that route but I'm glad it didn't. Not much really happens but each scene feels so purposeful towards Llewyn's journey and struggle. As the film goes on it made me realise what a flawed person Llewyn really is but at the same time I couldn't help but feel sympathy for him. I don't listen to folk music at all but all the songs were wonderful. Not only was Oscar Isaac's singing great but the Coen brothers did a great job instilling meaning into each of the songs especially the ones sung by Llewyn Davis. By learning more about him and the way he's constantly being beaten down by the world around him, the meaning behind the lyrics of his songs became more powerful to me and helped me understand his mindset better.I also loved the visual look of the film. The lighting and lack of bright colours made the movie feel incredibly gloomy and depressing which perfectly matched the overall tone and story. The film is definitely a depressing one but the Coens sprinkle humour here and there which allowed for some lighthearted moments. This is my favourite performance given by Oscar Isaac. I learnt he is a great singer and he absolutely nails the character. Carey Mulligan was also very good and Justin Timberlake also did gave a great performance. John Goodman is fantastic here and gives us some of the best scenes in the film.I'm seriously impressed with what the Coen brothers did with Inside Llewyn Davis. It's a film that takes its time but doesn't waste it. It won't be to everybody's liking but if you're a fan of folk music and character based films then I would highly recommend watching Inside Llewyn Davis.",ronakkotian,N/A
42,7,Pet peeve of mine...,"I am no fan of expletives. I think there is too much of this going on in society and in movies in general.So, to use the f-word in this movie is not even attempting to reflect the swearing that took place during the time period represented. Virtually no one used that word as it was certainly deemed too crude (in fact if you go back only 15 years or so in the US, the f-word was not used nearly as much as it is today in general conversation).I say bad on the Coen brothers in this regard for selling out to contemporary American culture, instead of staying true to the time period.Otherwise, I enjoyed the film and it was a typical creative Coen brothers work.",Random_acct,N/A
43,9,Really great music movie/drama,"You might not be a fan of the Coens, but if you like music in general and great acting in your drama movies, than you will love this. This might be the movie to put Oscar Isaac on the map. He has done stuff before that is good (like in the latest Bourne movie, the first without Matt Damon that is), but this is his star vehicle.And you can tell he put a lot into the movie and he makes it work. He sings himself and he can apparently sing. But he doesn't treat the character like a saint or someone without flaws. There is a lot wrong with him, but you have to embrace that. And there is no such thing as perfect. Maybe only in music or singing ... or performing like Mr. Isaac does in this one ...",kosmasp,N/A
44,7,many layers that some may miss,7/10many layers that some may missSpoiler,Jampa71,N/A
45,9,The Coen's... enough said,"Sometimes when you are with your friends you will go into those 'what if' scenarios. You know things like what if you found a million dollars, or what if you only had one week to live? I always remember someone asking me what would be the one thing you would grab if your house was on fire. Well I want to change that question to this: if you could only choose one filmmaker to always make movies, which would you, choose? How do you decide, when there are so many great filmmakers? Well my choice would be the Coen Brothers. Now I know what you are thinking, I said one filmmaker, and my answer happen to be brothers, but my response to that would be, when they direct and write their films they are like one incredible creative force.I choose the Coen's because they march to their own drummer and tell stories that always seem special, and memorable. They don't make movies that exist in the normal world; instead they invite you into their world. Now in the Coen's world there tends to be a lot of anger, but with that anger you also get passion and the most unique kind of humor as well. In their new film ""Inside Llewyn Davis"", they tell a story about a young folk singer trying to navigate Greenwich Village in 1961. That singer's name is Llewyn Davis (Oscar Isaac), and if you couldn't guess by the name the story is about him. Llewyn is trying to cope with being on his own after his musical partner jumped off the George Washington Bridge. Although extremely talented things just don't seem to go right for Llewyn, and it is mostly his fault. You see Llewyn does not have the best attitude and always relies on the generosity of others to survive. It could be crashing with his friend's girlfriend Jean (Carey Mulligan) or getting work with Jim (Justin Timberklake) to help pay his debts. No matter how bad his life can get though, Llewyn can always escape into his music.I know why I love a Coen Brother's movie; to me it is just like comfort food. As in comfort food, you know what you are getting; you will get great characters, a great story, and a little added ""Coeness"" that makes their stories so special. While their movies have those central elements in common, their stories and themes are never the same. With ""Inside Llewyn Davis"" everything is there and as with ""O Brother, Where Art Thou?"" we get a great soundtrack to boot. Oscar Isaac is brilliant as Llewyn Davis, who learned to play guitar for this role. In fact all of the musical scenes where actually recorded live during filming for an authentic sound. Everyone has a favorite Coen movie, because no two seem to ever be alike. The only thing they have in common is they are always seem to be one of the better movies of that year, and with ""Inside Llewyn Davis"" that trend remains.Brian Taylorread this and other reviews @ http://the2cinemen.blogspot.com/",btnthx,N/A
46,7,This is far from one of the better Coen Brother pictures but it does contain enough unique characters and circumstances to make it a must see,"Inside Llewyn Davis (2013) is a Coen Brothers movie that I recently watched on Amazon Prime. The storyline follows an aspiring musician that lives in Greenwich Village in the 1960s hoping for an opportunity but relying on a network of friends to survive. Can he catch a break or will be ruin every opportunity due to debts owed?This movie is directed by Ethan and Joel Cohen (Raising Arizona) and stars Oscar Isaac (Star Wars: Episode VIII - The Last Jedi), John Goodman (The Big Lebowski), Carey Mulligan (Shame), Adam Driver (Marriage Story), Justin Timberlake (The Social Network) and Garrett Hedlund (On the Road).This is a very unique character piece with fascinating circumstances. The acting is very good and everyone, top to bottom, delivers a strong performance. The dialogue is also very well written and the storyline unfolds perfectly. I will say the main character gave me a lot of anxiety much like Adam Sandler in Uncut Gems. The movie is a bit depressing but the ending felt very realistic.Overall, this is far from one of the better Coen Brother pictures but it does contain enough unique characters and circumstances to make it a must see. I would score this a 7/10 and recommend seeing it once.",kevin_robbins,N/A
47,1,Disgusting Existential Nightmare,1/10Disgusting Existential NightmareSpoiler,deindorfer,N/A
48,N/A,A True Labor of Love,"Inside Llewyn Davis (2013)**** (out of 4)The Coen Brother's latest takes place in 1961 at Greenwich Village during the folk scene as struggling artist Llewyn Davis (Oscar Isaac) tries to make decisions on his future. I'm not going to reveal too much about the plot but I must say this is quite the jewel and that I loved every single frame of the picture. When it comes to the Coen's films, I usually find them very good but never at a ""great"" level but this here is certainly an exception. Being someone familiar with the time and setting, I thought the directors did a remarkable job at really capturing the atmosphere and spirit of the era. The cinematography is without question some of the best that you're ever going to see and the entire look of the picture reminded me of ""The Freewheelin' Bob Dylan"" album cover. The soundtrack is also a terrific one with all of the numbers really jumping off the screen. Within seconds you're caught up in the lyrics and the music. The entire film takes place within a week, which is just perfect for the journey that Davis goes on as he tries to express himself through the various ups and downs of his life. I really thought the screenplay did a marvelous job at building up a complete and full leading character but it was also quite excellent when it comes to the supporting players and their impact on Davis. The performances are certainly a major plus with Isaac doing a marvelous job in the lead role. I really loved the way he brought this character to life and especially the various moods that he goes through. This includes some very dark moments in the film but also some pretty funny ones where his mouth gets him into trouble. The supporting players include very good turns from Carey Mulligan, Justin Timberlake and John Goodman is simply divine in his small role. The directors have obviously put a lot of love and affection into this project and it shines through during every single scene. This probably isn't going to be a film that appeals to the masses but those who appreciate cinema are bound to love it.",Michael_Elliott,N/A
49,10,A Gorgeous Elegy from the Coen Brothers,"For every Bob Dylan out there, there are hundreds, probably thousands, of musicians who don't make it. Many of them are even very talented, but they're lacking whatever it is they need to break out and become a star.Meet Llewyn Davis, one of the thousands. Navigating the Greenwich Village folk scene of the 1960s, Davis is a good singer of good songs, but he's stuck on an endless treadmill of existence of his own making. We don't feel sorry for him, because he's a jerk. But we, or at least I, feel compassion for him, because every time he opens his mouth to sing, he expresses the vulnerability and warm humanity that he's not able to express in any other way.The Coen brothers have created a vibrant, unsettling, marvelous movie with ""Inside Llewyn Davis,"" a dark night of the soul journey led by the actor Oscar Isaac, who plays the title character flawlessly. In this overcrowded movie awards season, it's criminal that this film got lost in the shuffle and that virtually no one seems to think it's worthy of serious awards attention. But then again, when I see the films that do win awards, it makes me think that maybe ""Inside Llewyn Davis"" is in better company with things as they are.Grade: A+",evanston_dad,N/A
50,8,An Interesting View of a Character No More/No Less,"The Coen's sometimes make small films. They have a frame of reference that others don't. This is the story of a man. If you don't like him, that's not a problem. He is a folk singer. He is doing his thing in a time when that genre was in great demand. But he is also a self-centered, living-day-to-day jerk who leaves messes in his wake. He wants to work, but has a disdainful view of his own accomplishments. He treats people who do kindnesses for him with the same disdain that he uses on strangers. He does nothing to ingratiate himself with the people who could help him. We don't know where he is going and neither does he. He ends up hooking a ride to Chicago with a taciturn driver known only as Johnny-5. In the back is the scene stealing John Goodman. The ten or so minutes in that car are some of the very best. Goodman taunts and pokes (literally, using a cane) Llewyn, calling him Elwyn. He is absolutely brutal and yet hilarious. When Llewyn arrives in Chicago, he has a brief audition with a producer played by F. Murray Abraham, who basically tells him he's okay, but he isn't hearing any money coming from him. This leads to more sidetracking of the old career, landing on more couches, trying to get back into the Merchant Marine, and more failed efforts. I think if those who are so disdainful of this film were to look at it more closely, there is a black humor that really works. The Coens are known for that. If you think that this is a picaresque offering where the main character learns his lesson, you aren't going to get that. Remember the scene in ""Fargo"" where the guy is putting the leg in the wood chipper and is scolded by Francis McDormand. He didn't learn anything either.",Hitchcoc,N/A
