id,author,date,user_rating,review_title,review_text
1,Leofwine_draca,N/A,9,Genius thriller,9/10Genius thrillerSpoiler
2,ruffinelli_ro,N/A,9,A trip into the mind,"If the director of this independent film tried to make us feel really confused, like the main character, he did it wonderfully. There are only a few movies like this one, the kind of movies that makes you pay attention to every minute of it. Obviously that doesn't work all the time, but this case is the exception. Really well directed with a wonderful photography and excellent cast. The main actors' performances are great. We really root for the guy as we hate the ones who try to take advantage of him.Original films like this one always stand out. Perhaps it didn't caught much attention at first but now it is in an important position at the IMDb top 250 and that means that most the people recognize great movies when they see them.As I said before, this movie is a little confusing because it runs backwards while the black and white scenes run in chronological order. But that wasn't a cheap trick to make the movie more ""intelectual"", it was its strength. A rare film that shouldn't be missed."
3,Hitchcoc,N/A,9,Mind Blowing,9/10Mind BlowingSpoiler
4,nateahoey,N/A,10,I guessed and guessed... I never got close.,10/10I guessed and guessed... I never got close.Spoiler
5,soloyoda,N/A,N/A,Absolutely No Spoilers Here--READ THIS REVIEW INSTEAD!!!!,"Thank Goodness I didn't read the reviews posted before I saw the film!! Most reviews (including ones on this site) will tell you waaayyyy too much about the movie, and that's just plain frustrating.  But, as an avid cinephile, I promise not to do the same.Memento is one of those pictures that will have you sitting in the theater after the lights come up so you can talk to everyone else about what they thought of the movie.  This is a highly intelligent and original brain teaser that will have you guessing from beginning to end, and even afterwards.  The story and the direction are the best I've seen so far this year, and it deserves all the kudos it gets.Plainly put, the film tells the story of Leonard Shelby:  a man who lost his short term memory in an assault where his wife was raped and murdered;  now he's looking for the killer, despite his handicap.  Simple as that.  You don't need to know anymore.The film is constructed and told in such a way that you are constantly put into the shoes of Leonard Shelby, beautifully played by Guy Pierce. Carrie-Ann Moss gives an equally mysterious and complex performance.  This film is well-made all the way around--from the direction, to the editing, and especially the unique story that is rarely found in Hollywood these days.  Four Stars!This review may have been a little dry on the details, but go see the movie--you'll be thanking me later.PS: Only go to the official website AFTER you've seen the movie.  It too will give too much away.  Afterwards, though, go and look at it--it's pretty impressive."
6,ltlrags,N/A,10,An unforgettable trip into the mind of a man with no memory,10/10An unforgettable trip into the mind of a man with no memorySpoiler
7,wkbeason,N/A,10,Innovative narrative structure makes for a powerful viewing experience,10/10Innovative narrative structure makes for a powerful viewing experienceSpoiler
8,Old Joe,N/A,10,Some memories are best forgotten. You have to appreciate how original a movie Memento' really is!,"Losing your memory would have to go close to one of the worst experience anyone could ever suffer from. In the movie Memento', we get to see how bad it is to suffer from short term memory loss. It also gives us the chance to see how far a patient of such a disease will go to remember what is most important to him. In the vain of Pulp Fiction', Memento is a movie that has to be seen to be believed. It is no wonder that this movie is so popular with the movie going public around the world.Leonard Shelby wears expensive, tailored suits, drives a late model Jaguar sedan, but lives in cheap, anonymous motels, paying his way with thick wads of cash. Although he looks like a successful businessman, his only work is the pursuit of vengeance: tracking and punishing the man who raped and murdered his wife. The difficulty of locating his wife's killer is compounded by the fact that Leonard suffers from a rare, untreatable form of amnesia'. Although he can recall details of life before his accident' Leonard cannot remember what happened fifteen minutes ago, where he is, where he is going, or why.Christopher Nolan has made one great (but confusing) movie. His style in directing and editing Memento' is quite unique, as no movie has ever been made quite like it before. The story being told in a backward kind of motion makes the audience have to think hard about what they are watching. It also makes the audience feel for a guy like Leonard, whose condition only gets worse and worse as the movie goes on. I am almost 100% sure that Nolan and his brother Jonathan, made up this story in the realisation that it was meant to be confusing. What is also cleverly done by Nolan is the use of black and white and then colour shots. In my opinion, the variations in these shots are used so it confuses the audience even more.Guy Pearce's role in Memento' shows me why he is so successful in Hollywood today. Pearce plays Leonard Shelby, a man on the hunt for his wife's killer. The only problem is that Shelby is suffering from anterior-grade amnesia', a disease that cannot be treated. With Lenny', I feel the audience suffers partly the same condition as he does, and partly does not, as we can remember what has happened in the present.Memento's other main stars include corrupt cop Teddy' (Joe Pantoliano). A friend said of Pantoliano's performance in Memento, he was perfect for the role of Teddy', as he comes across as the mysterious bad guy'. I could not agree more. There is also the character of Natalie (Carrie-Anne Moss) who is a lot like Teddy in her own way. What is similar about these characters is the way they use Leonard's condition to advantage their own situations.Other characters include Sammy Jenkis (Stephen Tobolowsky), who is a victim we learn about from an old case when Leonard Shelby was an insurance investigator. There is Leonard's wife, Catherine (C.S.I.'s Jorja Fox) who is another fascinating character. Although we do not hear her say much, she is a vital part of this most confusing story. Add in the funny role of Burt (Mark Boone Jnr.), the motel clerk, who openly admits to Lenny that he is ripping him off, by giving him two rooms, but that he will not remember it happening anyway.Yet in no way do any of the characters in Memento' realise they are in a time reversed movie. I am sure that many of the performers would have had to read their scripts many times to understand what was happening from a cinematic point of view. But from an acting prospective, this would have been an easy experience to be part of. Memento also has some interesting devices to tell the story. The way Leonard tries to remember things in the present and the future, via notes tattoos and photographs, making them an important element within the movie. Without them, our hero would not be able to remember anything.Nonetheless, memory is the most vital element in this movie, because without it, people are confused, isolated and abused, which is what happens to our hero', Leonard.  As Lenny mentions early on in the film, ""Memory's unreliable ... Memory's not perfect. It's not even that good. Ask the police; eyewitness testimony is unreliable ... Memory can change the shape of a room or the colour of a car. It's an interpretation, not a record. Memories can be changed or distorted, and they're irrelevant if you have the facts.""  But it has to be ironic that Leonard is the one who narrates Memento', when his recollections and memories of events are inaccurate and jaded. There are also some powerful scenes in Memento'. The one which sticks in my mind the most' has to be where Natalie abuses Leonard, calling his dead wife a whore', snorting smartly that you won't be even able to remember what I have said'.So, if you watch this movie and it confuses you the first or even the second time, I can assure you that is how you are meant to feel, confused. If you hated watching Memento' the way Christopher Nolan intended, then I can only recommend that you get a hold of the DVD and watch it in chronological order, as it will really help you. Memento also shows how bad mental disease' patients can be abused by healthy people and what lengths sick patients will go to try and keep sane'. Also, if a movie makes you think, then in some way it has been successful in doing something that many movies do not do  making you think. Those sorts of cinematic experiences are the ones that we need to cherish for life, as they are few and far between. Memento is one such experience.CMRS gives Memento': 5 (Brilliant Movie)"
9,kylemyle728,N/A,10,Overview and analysis behind the shocking plot.,10/10Overview and analysis behind the shocking plot.Spoiler
10,adamp-6,N/A,10,watch it early so you can see something else afterward.,"I saw ""Memento"" in the early afternoon, a fact for which I am thankful. Why?  Because it then proceeded to dominate the majority of my thoughts for the rest of the day.  That night I lay in bed, tossing and turning, my mind trying to wrap itself around the story, and I absolutely could not GO TO SLEEP!I finally just gave up on sleep, got up around midnight, and watched ""Election"" to cleanse my palate.  Then I went back to bed and starting contemplating ""Memento"" AGAIN.  Finally, out of sheer exhaustion, I went to sleep.This is a movie that gets in your head and will not get out until you figure it all out.  And that can only be done with extensive internet research. Reading ""Memento Mori"", the short story upon which the movie is ""based"" helped, too.""Memento"" is nothing short of a phenomenon.  And a brilliant one at that."
11,RobTheWatcher,N/A,7,Memento,"Memento is a one of a kind film that to me felt like it didn't quite live up to the hype and reviews. The cinematography itself was superior and the way it filmed was extremely unique and had never been done before which I appreciate. But for how unique and different it was, it was equally confusing and just all over the place. I felt the movie lost your attention and just lacked an overall synergy. The story line was cool and there was a lot of mind bending moments that made you think but I just think this movie could've been redone and been better than it ended up being. Worth the watch regardless still."
12,lasher42,N/A,10,can't believe how much I'm still thinking the day after,"So the ""innovative"" concept of filming out of sequence has been cliche for at least a few years now, but here's a film that makes it work far better than its been shown in a while.Having read the reviews and talked to others who saw it, I thought that I'd go into the movie figuring everything out right away and declaring the concept unworkable.  I couldn't be further from the truth.  This movie does things to your head that are illegal in some countries.  Portrayed (for all intents and purposes) backwards, it forces you to think in the same way that our lead character, Leonard Shelby (Guy Pearce being more brilliant than usual) does.  Suffering from a condition that renders him unable to remember anything for more than a few minutes, he is searching for the man who raped and killed his wife.  Since each seen lasts no more than 15 minutes before jumping back to the what happened before that, our perceptions are shattered in the same way.Carrie-Anne Moss and Joe Pantoliano (both of The Matrix) put in great performances that leave you guessing; simultaneously endearing and revolting.Overall I left the film trying to figure out what was what, and I'm still not sure.  This film noir concept shouldn't work, but it does so wonderfully."
13,ma-cortes,N/A,6,A complex thriller that is sometimes difficult to follow with continuous twists and turns.,"Leonard Shelby (Guy Pearce) lost his short-term memory after the attack and forgets all current events every 15 minutes, or so. He remembers his life prior to the incident, such as being an insurance claims investigator. Problem solved as Shelby tatoos the most vital info all over his body and leaves less permanent clues for himself on Post-its and Polarods of the usual suspects. He has learned to cope with his memory loss through dealing with a man named Sammy Jankis (Stephen Tobolowsky) , a person he investigated professionally who also had short term memory issues. The action thereafter plays forwards as usual - with Leonard out to track down and take revenge on whoever raped and killed his wife. Shelby meets Natalie (Carrie-Anne Moss) and Teddy (Joe Pantoliano) who may want to help him, but like his own memory , definitely can't be trusted. Some memories are best forgotten !.Twisty and and engaging thriller of a man searching for his wife's killer in Los Angeles. Ingeniously constructed flick is told backwards, from Guy Pearce's shooting of the killer to his puzzle-like construction of happenings and renders the audience as clueless as the impaired hero. There's grade A work from all concerned , especially main star, Guy Pearce. Clever use of flashbacks and black and white segments help define events in time. More than usually required mental exercice is more than worth the effort. This taut and ingenious thriller displays interest in how perception and memory shape identity , action and, of course, filmic storytelling. Filmmaker Christopher Nolan adapted the movie from short story: ¨Memento Mori¨ by brother Jonathan Nolan. Interpretations are pretty good, such as Guy Pearce as Leonard Shelby who has short term memory loss resulting from an injury he sustained which was associated with the murder of his wife, along with Carrie-Anne Moss, Joe Pantoliano, Mark Boone Junior, Jorja Fox and Stephen Tobolowsky.It contains a mysterious and unusual score by David Julyan. As well as a colorful and adequate cinematography by Wally Pfister, Nolan's regular. The motion picture was decently written and directed by innovator director Christopher Nolan, though inferior than other own films . Nolan was recognized by his peers with D. G. A. And P. G. A. Award nominations, as well as a W. G. A. Award for his works . Among its many honors, Nollan has received four Academy Awards and eight nominations, including Best Picture and Best Screenplay. Christopher Nolan is a prestigious author of various masterpieces: ¨ Insomnia¨ , ¨The Prestige¨ , ¨Batman begins¨, ¨The Dark Knight¨ , ¨The Dark Knight Rises¨, ¨Dunkirk¨, ¨Tenet¨, among others . Rating : Above average 6.5/10 , it was throughly entertaining and exciting, and no as predictable as you would think . The film results to be a complete pleasure to watch these actors at this work , it's highly recommended and keep you guessing until final ."
14,QuandaleDingleMan,N/A,5,"Unique Concept, But Didn't Work For Me","I went into Memento knowing it had a big reputation-it's often talked about as one of the best thrillers of the 2000s, and I'd heard a lot about its reverse storytelling. I'll admit, the structure is clever. Telling the story backward definitely puts you in the mindset of the main character, Leonard, who suffers from short-term memory loss. It's an interesting way to make the audience feel his confusion and disorientation.From a technical perspective, I understand why people admire it. The editing is tight, the non-linear narrative is handled with skill, and Guy Pearce gives a solid performance. Christopher Nolan clearly had a bold vision, and I respect the creativity it took to put something like this together.That said, I still walked away feeling underwhelmed. While the concept is innovative, the story itself didn't really grab me. I kept waiting for a payoff that never quite delivered. I'm still unsure about the ending, and not in a ""mind-blown"" kind of way, but more like it didn't fully make sense or stick the landing. The mystery felt more confusing than satisfying.Also, as much as the structure is praised, I felt like it was doing a lot of the heavy lifting. Once you strip away the reversed timeline, the plot is decent but not amazing. I didn't feel especially connected to any of the characters, and emotionally, it left me pretty cold.Overall, I don't think Memento is a bad film-it's well-crafted, original, and thought-provoking in parts. But for me, it felt more like an intellectual exercise than a compelling story. It's clearly not a movie for everyone, and unfortunately, I'm one of those people it just didn't click with."
15,quixoboy,N/A,N/A,Addictive and fun to figure out,"Christopher Nolan's ""Memento"" is truly a rare and exceptional achievement in modern filmmaking in that it manages to be new, fresh, hip, and exciting without ever tiring its audience out - unless you're walking into this film without the desire to participate and actively analyze the mysterious details.If that's the case, then this is DEFINITELY not a movie you should see. If, on the other hand, you are open-minded, creative, and alert, you'll definitely appreciate and get a kick out of this one. ""Memento"" is an old-fashioned ""film noir""-type mystery thriller with an intriguing, ingenious twist: outfitting the entire film with a style that mirrors the protagonist's own mental condition while giving the poor viewer(s) his own perspective as well. It is masterfully filmed and edited in such a way that it is chronologically presented backwards (with two initially separate, parallel storylines - the main one, shot in colour, is the chronologically-backwards story with scenes that intercut with those of the other story, which is filmed more like a documentary, shot in black & white, and mostly takes place inside a motel room with the main character narrating, talking about the effects of his condition, etc.) While the average viewer may already be put off by such a complicated, confusing format, it is a very original premise that is well worth the struggle to figure out.Acting is solid across the board, as is the writing, directing, etc., but special kudos must be extended to the very talented editor Dody Dorn, who successfully managed to put all of these fragments together and help them flow in a smooth, healthy manner that is not easy to pull off.One of the most ""memorable"" (sorry, couldn't help slipping in the bad joke) films you're likely to ever see, ""Memento"" is an instant classic due to its groundbreaking narrative style and impressive dramatic undertones. For those jaded moviegoers who seek something to keep them awake, interested, and constantly thinking, there couldn't be a better choice than this film."
16,jbparker,N/A,9,"Its not a gimmick, its something new","Yes, it's true.  The entire movie is based on a gimmick.  However, I honestly feel that this does not cheapen the picture in the slightest bit. I loved every scene; discovering information as our lead character discovered it. It demands a second and third viewing, as there are many subtleties and quick flashes that may not be picked up on the first time around.  Its one of the most original films ever made, and for people who scoff at the concept of not having a short-term memory, it actually is a real condition. Watch this movie. And, please pay attention. The performances are wonderful, and its structured magnificently."
17,jim-cook,N/A,10,The real thing!,10/10The real thing!Spoiler
18,ZuhayrRoha,N/A,10,My mind blows away whenever I start to think about how Nolan wrote the script,10/10My mind blows away whenever I start to think about how Nolan wrote the scriptSpoiler
19,TheLittleSongbird,N/A,10,A very strong contender for Christopher Nolan's best film,"Christopher Nolan has always struck me as a very talented film-maker, and most of his films are ones that have impressed me a lot. Even weaker efforts, where his ambition can get in the way, have a good deal to admire. His films are all impeccably crafted technically, and often entertaining and thought-provoking, also knowing how to get good performances out of talented casts.'Memento' was not his first film, having directed 1998's 'Following', but has been considered by many the film that rose him to fame and brought the world's attention to him. Cannot disagree with this, and also that not only is 'Memento' his first great success but seventeen years later it gets my vote as his best film. It really makes one think hard about what is happening, crucial in a film where a lot of concentration is needed, without being treated like you are an idiot or dumber than you are. It is also one of the few Nolan films where it was difficult to find anything to fault.As always with Nolan, 'Memento' is a wonderfully made film. The cinematography is slick and the production values in general are suitably gritty and audacious , with some scenes strongly reminiscent of film noir (as a fan of film noir that was great to see). David Julyan's synthesised (something that could have sounded tacky but actually adds a lot to the atmosphere) score makes very clever and dynamic use of distinct sounds, oppression, yearning, loneliness and loss having a haunting but also affecting vibe, the feeling of being lost adrift being perfectly captured.Nolan directs impeccably, not letting his ambition get in the way of the storytelling, while the script is smart, thought-provoking and intricate without trying too hard and treating the audience with respect. The pacing is taut while deliberate, and the length, after seeing some later efforts that have suffered from over-length and over-ambition ('Interstellar'), was ideal.It is the story that makes 'Memento' Nolan's most fascinating film, with a unique non-linear, time-reversed structure with two converged time-lines. That sounds on paper confusing but with Nolan telling the story in an intricate, tense and atmospheric way (meaning that he takes his time telling the story) it makes perfect sense, with beautifully interwoven use of thematic motifs of memory, guilt, perception, self-deception and grief and a stunningly moving ending that one does not expect.Guy Pearce is astonishing and give one of his career's best performances, don't think from personal view that he's been as good as this since. He gets excellent support from particularly Joe Pantoliano and even Carrie-Ann Moss.Overall, a brilliant film and a contender (my personal vote certainly) for Nolan's best film. 10/10 Bethany Cox"
20,cjholland,N/A,10,Best Movie of 2001 (Thus Far),"Incredible, riveting and powerful.  What else could I say?  This movie has all of the qualities of classic film noir as well as the magnitude of an original, unique concept that has been tried and tired before but works here.Guy Pearce has been underrated for years (just think back now to Priscilla and can you believe this is the same guy) and finally might get the recognition here that was at least well-deserved of him back for LA Confidential.  Powerful perfomances, well developed story with suspensful buildup of what our main character pieces together little by little makes this a must see.Easily in my top 100 of all time."
21,EThompsonUMD,N/A,9,Original and intriguing film noir revision.,9/10Original and intriguing film noir revision.Spoiler
22,alexclover,N/A,7,Snazzy editing doesn't make an amazing film,"The majority of people on this comments board attribute this film's success to its very original editing style. The film is built upon this style, showing you a present-time snippet of the main character which leaves you wondering about why he got there and what he's doing. The film then continues showing you a snippet of the immediate preceding past of the main character, and so on backwards in time helping you understand the beginning of the film. That's where the movie's originality stops. The plot itself is filled with huge holes. While the premise is interesting, it is hardly plausible that someone with no short-term memory would not be 'assisted' by society in any way, nor that he could not have a notebook handcuffed to him or something rather than all the tattoos. I found the movie rather predictable and did not really care about the movie after about halfway through.Still, an interesting and innovative movie-making style with a neat, if unplausible, situation for the main character. This coupled with sometimes very unconvincing acting by the main actor (although it is a hard role, he never really pulls it off) and a wholly boring plot earns this movie a 7 in my book.If you want to see a real whodunnit type movie that will haunt you for a long time to come, try Thesis by Spanish director Almenabar which I saw last night and save Memento for a day you want to study film rather than enjoy it."
23,Movie-12,N/A,8,Not to be missed if you are looking for something clever and original. ***1/2 (out of four),"MEMENTO / (2001) ***1/2 (out of four)By Blake French:How is this for a scenario? A man breaks into your house in the middle of the night. He kills your wife and leaves you with brain injuries. Furious, you pledge your life to track down and kill whoever is responsible. There is just one problem: after the head injury, you are no longer capable of creating new memories; everything before the accident is crystal clear, but now you cannot remember anything past several minutes.Now chew on this: what happens to guilt if you cannot remember what you did? How can a person have emotions if he does not know where they came from? How can we learn from our experiences if we cannot remember them. What is the purpose of revenge if someone cannot recollect or prosper from it?""Memento"" wins this year's prize for inducing the most audience participation. Not only is the film thought-provoking and unusually absorbing, but it also places us in the main character's shoes. How can we be in the same mental status with the main character when he cannot remember anything? Writer/director Christopher Nolan has that answer: he tells the story backwards. We begin at the end and work our way towards the beginning. However, each individual scene plays running forward, often overlapping, providing us with clear, constructive transitions. The main character, Leonard, is confused in prospects of time and experience, and so are we.Other characters include Natalie (Carrie-Anne Moss, from ""The Matrix""), who also lost someone close and can help Leonard, and Teddy (Joe Pantoliano, also from ""The Matrix""), whose identity often shifts mysteriously. Then there is the series of flashbacks of Leonard's experiences while working as an insurance agent. The situation involves an individual named Sammy, who has a memory disorder similar to Leonard's. His diabetic spouse is not sure whether her husband is faking his condition or not. To prove it to herself she arranges a test I dare not reveal. Leonard is more intricately involved in this story than he even believes.""Memento"" is smart and imaginative. It doesn't pass up little details of the characters. Leonard is constantly jotting himself notes and taking Polaroid pictures so his life can make some sense. He even gets permanent tattoos all over his body so he does not lose or forget some of the most important information.In a movie like this, it would be almost impossible to make without leaving some information out; even some of the film's actors were confused and requested a script told in sequence order. But these filmmakers have constructed a movie with a plot hole big enough to drive a semi through: If Leonard cannot remember anything after the accident, then how can he remember that he has a memory condition? There are no tattoos or notes to remind him, and whenever he meets someone he explains his condition thoroughly. This is necessary information he reveals, but there are better ways to do so. We could be there when his doctor explains the condition to him, or see his friends talking about it. The sky is the limit in a movie like this. It was not essential to leave such a massive, obvious hole in the plot.""Memento"" is still a unique mystery thriller. It is a tantalizing experience we do not often come across at the movies. For audiences who like to sit back and relax, this film is a waste of time. It requires us to follow along, participate, fit puzzle pieces together-""Memento"" doesn't provide any easy or obvious answers. All but the most intelligent and thoughtful kids will not be able to follow this film; it is intended for adult audiences. ""Memento"" is one of the year's most challenging movies, not to be missed if you are looking for something clever and original."
24,coldwaterpdh,N/A,7,"Not plausible, but fun.","7/10Not plausible, but fun.Spoiler"
25,noahk,N/A,5,"Clever I guess, but not that enjoyable to watch","Another cleverly done example of backwards story telling, from the Pulp Fiction school..  Unlike Pulp Fiction, the backwards element got annoying and tiresome fast in this film.  It certainly was a creepy film, maybe even affecting (time will tell, since I just watched it), but I didn't find it all that enjoyable.  The ending was unsatisfying for me, after sitting through the previous hour and fifty minutes (yes, I found myself watching the clock to count down when it would wrap up).  I suppose I could get a bit more out of it with repeated watchings, but I don't really care enough to bother with that.  I would give this one a 5/10, although few of you will probably agree with me so let the flames begin!"
26,dunmore_ego,N/A,N/A,The Reverse Genius Principle,The Reverse Genius PrincipleSpoiler
27,inkblot11,N/A,10,Finally saw this gem of an enigmatic film!,"Leonard (Guy Pearce) has a terrible problem. After his wife was murdered and presumably he was beaten, he has no short term memory. His last recollection is the moments before his wife's demise. Now, he is determined to track down the killer the police couldn't find. Yet, everyday he must read his notes and gaze at the many tattooed phrases on his body so that he can continue. Two people appear to be helping him in his quest. One is a man named Teddy, who pops around all the time but seems rather shady. Equally so is a Natalie (Carrie Anne Moss) who is sleeping with Leonard but may have ulterior motives. Meanwhile, Leonard stays at a cheap Los Angeles Hotel where the manager introduces himself every day and, underhandedly, adds to Leonard's bill. As he crisscrosses the city looking for the murderer, the film also flashes back to his time as an insurance investigator to give us more clues. For you see, this film is designed to force the viewer to piece together the plot, bit by bit! Are you game? I finally saw this fantastic Nolan film that everyone raves about incessantly. Its worthy of the highest praise as the plot travels backwards, forwards, and sideways. Pearce is wonderful as the main character, but, one quibble, I'm not fond of him as a blonde. The supporting cast is also superb with few big names except Moss. The setting in Los Angeles has its splendors and its dives. Memento is a huge cut above most other film experiences. While you are guaranteed to be confused at times, the whole experience is very, very rewarding."
28,Boba_Fett1138,N/A,10,Original movie-making at its very best.,"Every now and then, an original concepts gets turned into an highly original movie. ""Memento"" is a fine example of original movie-making at its very best.It's impossible to fully describe what this movie is about. Best thing is to watch this movie with a clear head in order to follow the movie. But even then some parts of the movie remain confusing. Because of this ""Memento"" is a perfect movie to watch multiple times, every time you will discover a new fact or things like that. The story is told beautifully and highly original with flashbacks and jumps in time. Basically the whole same story is told over and over again but every time you get to know a little bit of more information. Sounds confusing doesn't it? Well, don't say I didn't warned you...Christopher Nolan provides this movie with a brilliantly suiting visual style and directs the movie with lots of flair and pace. Truly a good young director of which we will hear way more in the near future. He also already made real fame by the 'casual' movie viewer by directing the stylish blockbuster hit ""Batman Begins"". Not only is he a great director, he also is a great writer.The acting in the movie is really solid. Guy Pearce is a great leading man and he is supported by some wonderful actors in the supporting cast: Carrie-Anne Moss, Joe Pantoliano.Because that the movie and its story are so original you never know what is going to happen next. It's a typical independent movie, without any clichés or other distracting elements. Yet the movie is more accessible then it sounds. Every person should be able to appreciate this movie and be absolutely captivated by it.An unique movie experience that is highly recommendable to everyone!10/10http://bobafett1138.blogspot.com/"
29,alexismaria02,N/A,10,A unique experience,"This is by far the greatest work by Chris Nolan. Everything about this particular film is simply astonishing and you could see it from a mile away. The superb writing is out of this world. There is no other movie like Memento, no other movie that could take the audience through such a unique experience. So many emotions are felt throughout this film and still, by the time you've finished it, it will leave you wanting more because that's how great this film is. Not only the writing was perfect, but also the direction part. Nolan did an amazing job in introducing us to this fictional world, that everything felt almost real. The way he combined the black&white scenes with the ""colored"" ones was simply unique. There is nothing like it. Then, the acting was impeccable as well. Although this film might be a bit too difficult to understand for some viewers, there are still a lot of things to enjoy from this experience even if you don't understand the movie completely! As a conclusion, I simply adore and recommend this film with all my heart, because it is without a question one of the greatest and most unique films of all time and this is all thanks to the great Chris Nolan!"
30,wokeuplookingfordabroccoli,N/A,10,Just saw- One of my favorite movies of all time,10/10Just saw- One of my favorite movies of all timeSpoiler
31,FiRE010,N/A,9,Honestly my favorite from Nolan,9/10Honestly my favorite from NolanSpoiler
32,TOXIC-7,N/A,10,You have NEVER seen a movie like this before!,"This is by far the most original movie and engaging mystery since the Third Man. Christopher Nolan's storytelling brilliance will captivate audiences with his time twist and flipping of the story's narrative. The structure has been turned upside down and backwards giving us an incredible perspective. The film is one of a kind and it will leave people dumbfounded because of Nolan's craftiness and imagination. Absolutely the best film at the Toronto International Film Festival in 2000. Nolan, has thrusted himself into the category of vanguard filmmakers, along with David Fincher, PT Anderson, Guy Ritchie & Darren Aronofsky."
33,ccthemovieman-1,N/A,6,"Hip? Cool? Different? Maybe, But Also Frustrating","This was ""okay,"" but frankly overrated by the national critics. Because the story ran backwards, I guess that was supposed to be cool or hip or something. If you make things too hard on the audience and most get confused on what's happening, it makes the elitist critics feel good because they ""understand it"" and thus feel superior. It's so much hogwash.Having said, I didn't say I didn't find the movie interesting. I did, and enjoyed the performances of Guy Pearce, Joe Pantoliano and Carrie-Anne Moss. A man with no short- term memory goes back, scene-by-scene, trying to find the killer of his wife. It's a film I saw back in 2001 on VHS and I'd like to see it again, now that six years have passed since then. I understand one of the special-edition DVDs of this showed the movie in the correct time sequence without all the flashbacks. That might have been less-creative, but better.However, be warned: this is a frustrating film to watch for first-time viewers."
34,mindfreak25,N/A,8,An example of Nolan's early spirit in movie making. A rare gem with a fantastic climax,"Excellent movie. This movie shows Nolan's early spirit in movie making, as this is his second feature film. However this is not for everyone. Even if you're a die-hard Nolan fan, you still might not like it. It was in my cup of tea, so I loved it. The movie is a complete mind bender. It doesn't play in order. It jumps from the past to present a TON of times, so it can be a hell lot of confusing. It's a slow movie, but fantastic. It grabs your attention from the start till the end. The suspense builds stronger as every second ticks by. If you haven't seen it go see it now, because in the second part of my review I'm going to talk about the ending. The ending is something to talk about. There is a plot twist at the end, rather twistS. It is one of the most unpredictable twists ever.Spoiler Alert!As many of you have seen the movie, you will know the ending is completely mind blowing. I never expected that Leo had killed the attacker over a year ago, and that now he kept forgetting and believed that the killer is still alive. Also another crazy twist was when Teddy told Leo that Leo's wife survived the attack, and that Leo himself killed her by accident with an insulin overdose. The real shocker was when it was revealed that Leo was mixing Sammy's life with his life. Everything that was said about Sammy, indeed revealed Leo's life. Totally mind blowing. There were like 3-4 twists at the end, which blew me away. To be honest, I didn't even expect one of the twists. I was blown away because there were many twists at the end, and none of them were predictable. From all the movies I've seen this movie had the second biggest twist ending, right after ""The Prestige"", also by Nolan.This movie is very suspenseful and interesting. It doesn't let your interest leave until the very end. In short, fantastic movie and it deserves at least one watch. For me many more watches. Nolan never disappoints. Not one of his movies disappointed me, and I've seen all his movies, including his short films."
35,Morejambo54,N/A,7,Smart but nothing else,"I like to start my review by saying that I don't think this is an enjoyable movie which doesn't mean it is at all bad, I thought it was very good actually. The story is what stands out, it's very unique and the way it is presented is great although it is rather slow throughout. For me it was a bit boring as it was straight dialogue for two hours, but it did all lead to a dramatic ending which was quite satisfying yet a bit confusing. Most Christopher Nolan movies are quite confusing though so I did expect this when coming into it and I did understand what happened I don't feel like I was truly able to take in so much knowledge in at once and it left me a bit baffled. The acting was pretty good, nothing stood out to me neither did the music used and it wasn't that tense but the idea as a whole was great and that is pretty much the only reason I give this higher than a five, the story. I wish it were showed in a different way or just readjusted to better suit the high percentage of slightly idiotic people watching the movie, which I feel like I fall under that category after watching this. I give this seven for it's cleverness alone."
36,heejoo,N/A,5,how exhausting watching this !,"I just don't understand what it is that makes this movie so popular, especially with male viewers, I mean 8.6? Come on, what is that?! ...Leonard suffers from short-term memory loss and tracks back using notes and body parts to find the man who killed his wife. On his journey he encounters a number of people who he has to be able to assess at first sight because of his deficiency.The acting by Guy Pearce is very convincing and even appealing but the story however is most of the time way too irritating because you constantly have to backtrack yourself in order to completely understand what's going on. I like flashbacks in movies but a film that turns out to be one big flashback by itself may be a little too demanding for me. I guess this is just not my kind of entertainment ..."
37,Heretic Monkey,N/A,N/A,overused plot + often abused style = best movie of the year,overused plot + often abused style = best movie of the yearSpoiler
38,Nomd346,N/A,10,WOW,10/10WOWSpoiler
39,layla_silver7,N/A,10,An exciting story told in an extraordinary way,"Memento is about a man named Leonard (Guy Pearce) who suffers from short-term memory loss. He relies on writing and taking pictures to track down the man he believes is his wife's murderer. Watching the film brings to life the feeling of memory loss and not knowing how you ended up somewhere. The story is told in reverse; one scene will happen, and the next scene will explain how you got to where the previous scene started, and so on. So the thrilling mystery is unraveling for you just as it is for Leonard. Memento is intriguing and psychologically thrilling until the very end, or really, the beginning. The film breaks all the rules of storytelling in such a perfect way that you can't look away. Memento is a must-see for anyone who wants a film like no other."
40,haydenluz,N/A,10,Memento,"Christopher Nolan took his brother's short story Memento Mori, and turned it into a serious cinematic masterpiece! No disrespect to Nolan's first piece in The Following, but this is the film that truly jumpstarted his marvelous career. Nolan created this original & nifty narrative, with a creative structure that was so mysterious & witty; with every layer that got peeled back, it got more and more intriguing. Chris Nolan has this knack of always keeping his movies entertaining, with great pacing. One of the best thing's he does is create such a mysterious story, that it has such tremendous rewatch value, that only makes you appreciate the movie that much more. The film is presented as two different sequences of scenes interspersed throughout; a series in black-and-white that is shown chronologically, and a series of color sequences shown in reverse.I'm not the biggest fan of Guy Pearce to begin with, maybe because I never really gave him a fair chance, with watching his movies like, Iron Man 3 & Bedtime Stories, but he really changed my mind here. He puts on a fantastic performance! To back up his performance, was a beautiful script written by Chris Nolan himself. With such an intelligent, and memorable script, Nolan was up for an Academy Award in 2002 for Best Original Screenplay, but came up short to Julian Fellowes who wrote Gosford Park. There was not one boring piece of dialogue within the film, while having it's fair share of powerful quotes.Overall, I'm definitely going to have to rewatch this again to pick up some missing pieces, but this is an absolute must watch!"
41,richardtownsley-19550,N/A,10,A very entertaining - and confusing - ride,"Memento is probably one of the most unique - and confusing - movies I have ever watched.
Memento does something that few other movies have done before: it is shown backward. There are scenes shown backward, along with scenes shown forward, and the two eventually converge during the climax. And while showing a movie backward may seem like a horrible way to craft a movie, it is everything but. It shows us something that will happen, and shows us how we got there. Whether we like it or not, the ending is inevitable. The movie opens with a murder, and at first, it seems justified; the man raped and murdered the wife of our protagonist, Leonard (Guy Pierce). However, as the movie progresses, or rather digresses, we learn that the man was, in fact innocent. Leonard has a strange case of anterograde amnesia that prevents him from making new memories. Every 5 minutes, he forgets who he is, where he is, and why he is there. As a result,
he uses a complex (but heavily flawed) system of notes and photographs to understand his
everyday life. He relies on these notes to survive, and track down John Doe, the man who raped and murdered his wife. Memento has so many plot twists that it is often hard to keep up with, but in fear of spoiling for you, I will end this review here."
42,lee_eisenberg,N/A,10,like nothing that you've ever seen before,"""Memento"" is one of those movies that I fear discussing because I don't know how much I can tell without giving the whole thing away. You might have heard that the story gets told in reverse and that Guy Pearce plays Leonard Shelby, who has a memory problem. People are able to abuse him and all sorts of other horrible things. Then, he has to use the little bit of memory that he has left to...no, I can't tell you; it would give the whole movie away. My point is that ""Memento"" is a most incredible movie. You quite literally have to see it to believe it. You might even want to watch it more than once, possibly backwards. Or something similar."
43,Lucabrasisleeps,N/A,10,Christopher Nolan is a magician,"Christopher Nolan is a magician. No other way to put it.This movie ended up on my top ten list when I saw it a few years ago. It is one of the most original thrillers to have come from America and it supposedly became popular solely on the basis of word of mouth.Leonard Shelby(Guy Pearce in an excellent performance) is a man who has short term memory loss. He is a man on a mission. He is determined to find out who killed his wife. He has various ways to remind himself of small facts - writing them on notes and sticking them on the wall, tattooing facts on his body and so on. The story also involves two other characters - Natalie and a man named Teddy who seems to have a shady past. There is also the story of Sammy Jenkis which is told in bits and pieces by Leonard in disjointed scenes. Sammy also had the same problem which led to Sammy being placed in a mental institution.The main feature of this movie is that it goes backwards. Which means that the scene that follows is actually the incident which happens prior to the current situation. This is quite demanding for the viewer and people with short attention spans may not appreciate this movie so much. Repeated viewings may be required to actually understand what is going on in the movie.What I liked about the movie was the fact that despite the complex and confusing style, it is ultimately a movie which is not inaccessible. It is no art film which might bore viewers to tears. It is a fast moving thriller which can keep a viewer hooked and this is what separates Memento from other such complex thrillers. Most importantly, it is the little facts and clues that are the most interesting. The loose ends are tied up expertly at the end with such brilliance that I am still at awe at the execution even several years after watching this movie.Overall, it is in fact quite depressing. There is not one likable character in this movie, except for Leonard, and we see how his medical condition is used by people to serve their own interests. It presents a bleak view of human nature, in many ways.As far as the performances are concerned, Guy Pearce is fabulous as the determined but confused Leonard Shelby. Carrie Anne moss is brilliant as the mysterious Natalie who may have other motives in helping Leonard. She has the right kind of mix of beauty and mysteriousness which make her perfect for the role. Joe Pantaliano as Teddy makes a big impact in this movie. His dry humour and screen presence make this role one of my favourite performances on film.Altogether, it is one of the best films of recent years and it is exactly the kind of movie I like.10/10"
44,dfink32,N/A,6,This movie has been vastly overrated.,"There are holes in the plot of this movie that should prevent it from receiving the ranking it has in this database (1 of the top 10 all time best movies). In the end, the characters are not sympathetic or interesting enough to warrant the treatment they get in the film. I do not think this is a must see movie for anyone."
45,rabidwolf417,N/A,10,One of my favorites-Excellent!!!,"I was totally blown away by this movie. I think this is a total masterpiece. I wish I could have thought of something as ingenious as this. I recommend it to anyone that enjoys a good mystery, acting, editing, directing, plot. I can and have watched it over and over again. This should have won for best picture the year it came out. Go out and rent it. Go and watch it. Go out and buy it. you will not be disappointed. This movie is about a guy who loses his short term memory and tries to hunt down his wife's rapist and killer. I won't say anything else. It is a masterpiece, thought not perfect it probably should be about a 9.8 on the IMDb but I'll give it a 10 out of 10."
46,setheisenberg,N/A,6,Mediocre story saved by cinematographic contrivance,"Perhaps because this movie was rated SO HIGHLY, my viewing was tainted by unrealistically bolstered expectations. Maybe...There was a strange twist of irony at work here: the more I watched this film the less I liked it. What began as a wonderfully, refreshing look at (reverse) story-telling, became less entertaining and more tedious with each passing (and re-passing) flash-back (or is that flash-forward?)Part of this film played like an old Twilight Zone episode I recall seeing many years ago. And that's not a bad thing. I enjoyed piecing together the ""why"" of the plot, since we already knew the ""what."" However, generally uninteresting and unappealing characters mar the performances, and while our hero may be unaware of time, as a viewer I was painfully aware of how his film seemed to drag, lacking a good sense of timing. As for the ending, it too could have been given the same delicious touches as the beginning sequence, but alas, it does nothing to reward the viewer for having endured the bulk of the film.One reviewer commented how well this HIGHLY RATED film will hold up in another few years when compared to the classics. Others have asked how on earth it could have rated so high to begin with. The former will be answered on its own, and I believe time will not be too kind. The answer to the latter is akin to the McDonald's Syndrome: Those who grew up eating Big Macs on a regular basis erroneously come to believe it's actually good food. Perhaps compared to what Hollywood is offering these days, Memento is indeed gourmet fare. To me, it's still just a hamburger. (6 out of 10)."
47,thirdi,N/A,5,"Come on people, it wasn't THAT good","Before I rant on the absurdity of Memento being currently ranked #14 on the Top 250 list, I'll say what I liked about it. Yes, it was an extremely entertaining, original and well-done all around film. The acting was first rate, the story decent, and the film makers did a great job putting it all together.However, I may be crazy, and I'm sure the ""film snobs"" will grit their teeth at this, but at the end of the day, isn't Memento just a gimmick? A water cooler novelty? I mean, basically they took a slightly above average plot and did something new, and granted inventive, by editing the film structure in reverse. For the most part, the movie is pretty much shown from end to beginning. Yes, they did enough to make things make sense in between, but essentially it was an exercise in ""hey, let's make a movie, and then edit it so everyone will talk about that reverse movie"".I don't care what anyone says. That's the bottom line, period. I've talked with plenty of fellow movie buffs who I consider to be reasonably intelligent, and some are even the snob-types mentioned above. And none of us can figure out what all the fuss is about. Maybe we ain't that smart.I hate to get into comparisons, because it's difficult to compare different types of movies. But be honest, if you can tell me with a straight face that Memento is an overall better film than ""Apocalypse Now"", ""A Clockwork Orange"", ""Pulp Fiction"", ""Goodfellas"", ""Fight Club"", ""Jaws"", ""Chinatown"", ""Raiders of The Lost Ark"", ""American Beauty"", ""Silence of the Lambs"" and a large chunk of the other 230 films ranked below it, than you just need to sit back, take a deep breath, reel in that massive ""I'm a nonconformist art-house movie aficionado"" thing and get a reality check. It was a good movie, but it wasn't that good."
48,Pseudo-geordie boy,N/A,N/A,"Confusion, uncertainty, and paranoia as an art form: possibly.","If I told you the entire plot of this film it really wouldn't matter as it is an exquisite paean to the subjectivity of memory and therefore is in itself ambiguous; the truth' of it is up to you. You come out of the cinema questioning yourself, your memories, your truths. Nothing in this film is as it seems, and yet paradoxically everything is as it seems. We see everything through Guy Pearce's characters' (Lenny) eyes, unfortunately he has no short-term memory so cannot form new memories. He would have already forgotten the first sentence of this review. He lives in snapshots of life; his only form of memory is his Polaroid camera, just like in the excellent German film Wintersleepers; also (partly) about a short-term memory disorder.In this film Lenny takes snapshots to remember who people are, where he now lives, his car, everything. As you can imagine this is perfect for paranoia, suspicion, uncertainty, confusion, and betrayal. And that's exactly what you get in extreme doses. The difference between this film and Wintersleepers however is that Memento is entirely from Lenny's perspective. This therefore creates an imaginative, creatively unsurpassable film. The film begins where it should end, so far so trite, but here's the beauty, we, like Guy Pearce, learn in fragments what's going on. It is therefore perfect for those who love to second guess what's going to happen, who did what, who's doing what and why. The beauty of this film though is that my interpretation could be so different from yours, and neither of us could be sure whose interpretation is the right one; if there is a right one at all. Nothing is certain, nothing is clear. Another beauty of this film is the way it is filmed and edited. Pieces are shown a number of times with no real linear link between them, just like it would be if we ourselves had a memory disorder, and then they are cut up and edited next to things that happen either before or after it. It's just like holding ten different and linearly distinct Polaroids in your hand and having a short-term memory disorder. Excellent.I'm not even sure if watching it again will make things any less ambiguous, but then who cares? The ambiguity is what makes this a great film, if it wasn't so cut up, or from Lenny's perspective it would be both very short and trite; and lacking in tension, suspense and interest. But as it stands it has all three, isn't trite and says so much about humanity. Oh, and the plot? It really doesn't matter, all you need to know is that everything about this film is indicative of the subjectivity of memory, of our experiences and interpretations of all that happens to us. Nothing will seem as black and white as it did beforehand. It will make you question every memory you have, almost as much as possessing a psychology degree, as I do! So, go and see it: be confused, acknowledge the frailty of all you know to be true, and then imagine the freedom of actually being Lenny, and then the horror of having nothing, nothing but the reliance of a pen and a Polaroid camera to know who you are."
49,dave-sturm,N/A,10,"Not what happens next, but what happens before","10/10Not what happens next, but what happens beforeSpoiler"
50,snow0r,N/A,9,Fantastic,9/10FantasticSpoiler
